City,Lat,Lng,Max Temp,Humidity,Cloudiness,Wind Speed,Country,Date
hermanus,-34.42,19.23,42.008,93.0,69.0,5.45828,ZA,08-18-2020
port alfred,-33.59,26.89,54.91400000000003,67.0,100.0,30.333720000000003,ZA,08-18-2020
takab,36.4,47.11,60.674000000000014,63.0,0.0,5.391170000000001,IR,08-18-2020
griffith,41.53,-87.42,71.99600000000005,43.0,1.0,11.4087,US,08-18-2020
alice springs,-23.7,133.88,60.8,25.0,0.0,9.1717,AU,08-18-2020
new norfolk,-42.78,147.06,48.00200000000008,81.0,44.0,2.99758,AU,08-18-2020
punta arenas,-53.15,-70.92,32.0,87.0,75.0,9.1717,CL,08-18-2020
busselton,-33.65,115.33,41.0,81.0,13.0,2.21463,AU,08-18-2020
mataura,-46.19,168.86,51.22400000000002,73.0,100.0,4.63059,NZ,08-18-2020
albany,42.6,-73.97,73.00400000000005,48.0,7.0,1.00665,US,08-18-2020
rikitea,-23.12,-134.97,71.94200000000001,80.0,9.0,11.431070000000002,PF,08-18-2020
jumla,29.27,82.18,61.268000000000086,71.0,50.0,2.9081,NP,08-18-2020
hithadhoo,-0.6,73.08,83.76800000000009,75.0,12.0,10.17835,MV,08-18-2020
caravelas,-17.71,-39.25,73.058,84.0,0.0,8.32164,BR,08-18-2020
ugoofaaru,5.67,73.0,81.89600000000004,69.0,30.0,5.61487,MV,08-18-2020
sinnamary,5.38,-52.95,78.74600000000005,85.0,0.0,8.097940000000001,GF,08-18-2020
alyangula,-13.85,136.42,75.2,73.0,75.0,8.74667,AU,08-18-2020
tezu,27.92,96.17,74.76800000000009,76.0,34.0,2.79625,IN,08-18-2020
richards bay,-28.78,32.04,57.72200000000004,50.0,51.0,8.20979,ZA,08-18-2020
ushuaia,-54.8,-68.3,32.0,91.0,40.0,17.2249,AR,08-18-2020
hobart,-42.88,147.33,50.0,75.0,40.0,8.0532,AU,08-18-2020
saint anthony,45.02,-93.22,80.99600000000005,41.0,1.0,4.6977,US,08-18-2020
cidreira,-30.18,-50.21,62.47400000000002,95.0,100.0,11.699510000000002,BR,08-18-2020
saint george,37.1,-113.58,109.99400000000007,10.0,1.0,8.0532,US,08-18-2020
jamestown,42.1,-79.24,66.99199999999999,59.0,1.0,9.1717,US,08-18-2020
puerto leguizamo,-0.19,-74.78,82.31000000000009,65.0,72.0,0.51451,CO,08-18-2020
petropavlovka,50.61,105.32,57.83000000000004,70.0,3.0,1.07376,RU,08-18-2020
constitucion,-35.33,-72.42,48.254000000000055,75.0,98.0,10.53627,CL,08-18-2020
puerto carreno,6.19,-67.49,84.2,70.0,40.0,2.237,CO,08-18-2020
cape town,-33.93,18.42,50.0,87.0,75.0,3.3555,ZA,08-18-2020
yellowknife,62.46,-114.35,66.2,63.0,75.0,10.2902,CA,08-18-2020
touros,-5.2,-35.46,75.2,88.0,40.0,5.8162,BR,08-18-2020
provideniya,64.38,-173.3,55.400000000000006,62.0,90.0,8.948,RU,08-18-2020
fare,-16.7,-151.02,78.47600000000008,75.0,0.0,19.50664,PF,08-18-2020
severo-kurilsk,50.68,156.12,52.03399999999999,86.0,97.0,12.43772,RU,08-18-2020
guerrero negro,27.98,-114.06,85.22600000000008,46.0,2.0,17.336750000000002,MX,08-18-2020
jiayuguan,39.82,98.3,68.97200000000004,24.0,0.0,2.5054400000000006,CN,08-18-2020
riyadh,24.69,46.72,80.6,18.0,3.0,5.8162,SA,08-18-2020
mancio lima,-7.61,-72.9,83.96600000000001,58.0,58.0,2.81862,BR,08-18-2020
adrar,20.5,-10.07,100.11200000000007,12.0,1.0,12.460090000000001,MR,08-18-2020
broome,42.25,-75.83,71.6,43.0,20.0,10.2902,US,08-18-2020
vardo,70.37,31.11,46.4,93.0,92.0,2.237,NO,08-18-2020
kyshtovka,56.55,76.63,49.190000000000026,93.0,16.0,6.86759,RU,08-18-2020
bluff,-46.6,168.33,51.26000000000008,75.0,98.0,7.717650000000001,NZ,08-18-2020
lavrentiya,65.58,-171.0,52.898000000000025,70.0,100.0,3.82527,RU,08-18-2020
hambantota,6.12,81.12,79.23200000000003,82.0,86.0,14.56287,LK,08-18-2020
sao jose da coroa grande,-8.9,-35.15,74.084,79.0,59.0,11.744250000000001,BR,08-18-2020
khatanga,71.97,102.5,50.522000000000034,63.0,30.0,15.54715,RU,08-18-2020
karratha,-20.74,116.85,67.80200000000008,31.0,48.0,18.18681,AU,08-18-2020
torbay,47.67,-52.73,57.00200000000008,100.0,90.0,20.804100000000002,CA,08-18-2020
san patricio,19.22,-104.7,78.80000000000001,94.0,90.0,5.8162,MX,08-18-2020
henties bay,-22.12,14.28,51.998000000000026,85.0,0.0,0.24607,NA,08-18-2020
esso,55.93,158.7,55.616000000000014,82.0,100.0,4.98851,RU,08-18-2020
vaini,-21.2,-175.2,73.4,94.0,90.0,14.987900000000002,TO,08-18-2020
sitka,57.05,-135.33,57.2,82.0,90.0,8.0532,US,08-18-2020
villena,38.64,-0.87,73.99400000000009,56.0,99.0,1.36457,ES,08-18-2020
valparaiso,-33.04,-71.63,51.00800000000001,87.0,75.0,2.237,CL,08-18-2020
kununurra,-15.77,128.73,77.0,42.0,5.0,2.237,AU,08-18-2020
mar del plata,-38.0,-57.56,44.6,70.0,99.0,10.2902,AR,08-18-2020
elat,29.56,34.95,87.80000000000001,55.0,2.0,13.8694,IL,08-18-2020
carnarvon,-24.87,113.63,55.400000000000006,87.0,20.0,9.1717,AU,08-18-2020
avarua,-21.21,-159.78,71.6,88.0,69.0,20.804100000000002,CK,08-18-2020
butaritari,3.07,172.79,83.48000000000005,71.0,1.0,10.80471,KI,08-18-2020
bethel,41.37,-73.41,77.0,41.0,1.0,6.9347,US,08-18-2020
atuona,-9.8,-139.03,78.63800000000005,75.0,1.0,21.43046,PF,08-18-2020
port-gentil,-0.72,8.78,75.2,94.0,90.0,16.03929,GA,08-18-2020
kodiak,57.79,-152.41,60.8,72.0,40.0,8.0532,US,08-18-2020
muhos,64.81,25.99,46.4,87.0,0.0,4.6977,FI,08-18-2020
fortuna,40.6,-124.16,73.99400000000009,68.0,77.0,2.99758,US,08-18-2020
mehamn,71.04,27.85,50.0,81.0,75.0,6.9347,NO,08-18-2020
aykhal,66.0,111.5,48.2,100.0,90.0,6.711,RU,08-18-2020
saint-joseph,-21.37,55.62,64.4,77.0,40.0,6.9347,RE,08-18-2020
paamiut,61.99,-49.67,47.12000000000006,70.0,0.0,4.72007,GL,08-18-2020
ilulissat,69.22,-51.1,50.0,53.0,96.0,5.167470000000001,GL,08-18-2020
airai,-8.93,125.41,68.18000000000004,49.0,67.0,2.34885,TL,08-18-2020
avera,33.19,-82.53,82.99400000000009,52.0,1.0,6.9347,US,08-18-2020
alvaraes,-3.22,-64.8,84.2,70.0,75.0,2.237,BR,08-18-2020
tura,25.52,90.22,74.22800000000007,93.0,24.0,3.91475,IN,08-18-2020
minsk,53.9,27.57,62.6,100.0,75.0,4.474,BY,08-18-2020
petropavl,54.88,69.16,52.28600000000007,89.0,99.0,11.31922,KZ,08-18-2020
north branford,41.33,-72.77,80.6,54.0,40.0,12.750900000000001,US,08-18-2020
katsuura,35.13,140.3,84.99199999999999,83.0,75.0,6.9347,JP,08-18-2020
arraial do cabo,-22.97,-42.03,73.4,88.0,74.0,14.987900000000002,BR,08-18-2020
georgetown,5.41,100.34,80.00600000000003,94.0,20.0,3.3555,MY,08-18-2020
diapaga,12.07,1.79,75.39800000000002,93.0,66.0,4.78718,BF,08-18-2020
aktas,49.78,72.96,55.400000000000006,71.0,40.0,17.896,KZ,08-18-2020
kitimat,54.05,-128.65,62.99600000000005,74.0,1.0,1.00665,CA,08-18-2020
svetlyy,54.67,20.13,64.99400000000009,77.0,2.0,2.237,RU,08-18-2020
saskylakh,71.92,114.08,42.51200000000006,79.0,100.0,10.871820000000001,RU,08-18-2020
ribeira grande,38.52,-28.7,71.9600000000001,87.0,57.0,24.696479999999998,PT,08-18-2020
caririacu,-7.04,-39.28,70.08800000000005,41.0,35.0,4.54111,BR,08-18-2020
tasiilaq,65.61,-37.64,44.6,81.0,59.0,4.6977,GL,08-18-2020
laguna,38.42,-121.42,105.99800000000003,20.0,1.0,5.8162,US,08-18-2020
kaitangata,-46.28,169.85,53.99600000000005,70.0,100.0,5.99516,NZ,08-18-2020
homer,59.64,-151.55,60.8,72.0,75.0,11.4087,US,08-18-2020
tiksi,71.69,128.87,39.56000000000008,76.0,96.0,12.370610000000001,RU,08-18-2020
hearst,49.68,-83.67,57.29000000000002,73.0,75.0,1.94619,CA,08-18-2020
antalaha,-14.9,50.28,64.54400000000007,86.0,2.0,6.554410000000001,MG,08-18-2020
kousseri,12.08,15.03,80.6,94.0,20.0,6.9347,CM,08-18-2020
koberice,49.99,18.05,66.00200000000008,92.0,100.0,4.0266,CZ,08-18-2020
kashi,39.45,75.98,69.80000000000001,60.0,40.0,11.185,CN,08-18-2020
cherskiy,68.75,161.3,43.610000000000085,90.0,99.0,6.10701,RU,08-18-2020
bredasdorp,-34.53,20.04,46.4,81.0,75.0,4.6977,ZA,08-18-2020
arua,3.02,30.91,63.69800000000002,93.0,99.0,2.30411,UG,08-18-2020
kargasok,59.06,80.86,53.18600000000007,96.0,100.0,7.292619999999999,RU,08-18-2020
bengkulu,-3.8,102.27,76.892,83.0,47.0,5.54776,ID,08-18-2020
barrow,71.29,-156.79,55.400000000000006,76.0,20.0,13.8694,US,08-18-2020
anadyr,64.75,177.48,53.6,76.0,40.0,6.711,RU,08-18-2020
biltine,14.53,20.92,81.392,64.0,83.0,7.33736,TD,08-18-2020
casper,42.87,-106.31,93.99199999999999,13.0,1.0,6.9347,US,08-18-2020
mount isa,-20.73,139.5,77.0,22.0,2.0,8.0532,AU,08-18-2020
thompson,55.74,-97.86,69.80000000000001,60.0,75.0,2.237,CA,08-18-2020
sao jose de piranhas,-7.12,-38.5,73.86800000000008,39.0,68.0,5.27932,BR,08-18-2020
port elizabeth,-33.92,25.57,50.0,93.0,75.0,11.4087,ZA,08-18-2020
atar,20.52,-13.05,95.99000000000002,28.0,0.0,7.04655,MR,08-18-2020
antofagasta,-23.65,-70.4,57.2,62.0,75.0,13.8694,CL,08-18-2020
balikpapan,-1.27,116.83,77.0,100.0,40.0,10.2902,ID,08-18-2020
morant bay,17.88,-76.41,86.0,79.0,40.0,10.2902,JM,08-18-2020
saint-philippe,-21.36,55.77,64.4,77.0,40.0,6.9347,RE,08-18-2020
castro,-24.79,-50.01,60.458000000000006,90.0,100.0,14.876050000000001,BR,08-18-2020
faridnagar,28.77,77.62,87.00800000000001,88.0,40.0,7.78476,IN,08-18-2020
sorland,67.67,12.69,52.358000000000004,79.0,96.0,8.14268,NO,08-18-2020
hilo,19.73,-155.09,80.6,69.0,90.0,9.1717,US,08-18-2020
abu kamal,34.45,40.92,79.7,30.0,0.0,15.2116,SY,08-18-2020
yarim,14.3,44.38,62.096000000000046,63.0,97.0,3.26602,YE,08-18-2020
hofn,64.25,-15.21,49.11800000000009,85.0,94.0,18.723689999999998,IS,08-18-2020
leningradskiy,69.38,178.42,50.63000000000004,49.0,4.0,7.06892,RU,08-18-2020
leh,34.17,77.58,61.03399999999999,42.0,1.0,5.65961,IN,08-18-2020
angren,41.02,70.14,61.62800000000007,52.0,0.0,1.52116,UZ,08-18-2020
komsomolskiy,40.43,71.72,66.2,63.0,46.0,4.6977,UZ,08-18-2020
acapulco,16.86,-99.89,86.0,74.0,75.0,12.750900000000001,MX,08-18-2020
chuy,-33.7,-53.46,51.47600000000009,93.0,0.0,2.97521,UY,08-18-2020
kruisfontein,-34.0,24.73,48.92000000000006,77.0,82.0,18.052590000000002,ZA,08-18-2020
quatre cocos,-20.21,57.76,71.6,73.0,20.0,14.987900000000002,MU,08-18-2020
lorengau,-2.02,147.27,83.46200000000006,77.0,47.0,8.29927,PG,08-18-2020
labuhan,-6.88,112.21,77.19800000000004,77.0,26.0,7.51632,ID,08-18-2020
geraldton,-28.77,114.6,48.2,87.0,56.0,8.0532,AU,08-18-2020
mayumba,-3.43,10.66,73.09400000000008,89.0,92.0,7.493950000000001,GA,08-18-2020
nome,64.5,-165.41,71.99600000000005,40.0,1.0,5.8162,US,08-18-2020
kavaratti,10.57,72.64,81.44600000000005,79.0,95.0,9.66384,IN,08-18-2020
bubaque,11.28,-15.83,80.25800000000001,86.0,100.0,13.55622,GW,08-18-2020
kangalassy,62.35,129.96,55.400000000000006,43.0,83.0,4.474,RU,08-18-2020
balsas,-7.53,-46.04,85.334,28.0,30.0,6.129380000000001,BR,08-18-2020
dikson,73.51,80.55,53.67200000000004,70.0,1.0,8.81378,RU,08-18-2020
puerto ayora,-0.74,-90.35,66.99199999999999,93.0,89.0,5.010880000000001,EC,08-18-2020
capelinha,-17.69,-42.52,60.22400000000002,92.0,19.0,4.20556,BR,08-18-2020
eureka,40.8,-124.16,69.99800000000002,41.0,76.0,7.807130000000001,US,08-18-2020
peniche,39.36,-9.38,69.99800000000002,92.0,5.0,5.010880000000001,PT,08-18-2020
sao filipe,14.9,-24.5,78.74600000000005,86.0,31.0,6.0399,CV,08-18-2020
isangel,-19.55,169.27,77.0,69.0,20.0,5.8162,VU,08-18-2020
ariquemes,-9.91,-63.04,85.71200000000006,31.0,1.0,3.04232,BR,08-18-2020
barcelos,41.54,-8.62,68.0,94.0,75.0,12.750900000000001,PT,08-18-2020
bull savanna,17.89,-77.59,79.358,84.0,12.0,4.138450000000001,JM,08-18-2020
batemans bay,-35.72,150.18,62.00600000000003,48.0,2.0,1.00665,AU,08-18-2020
san pedro de ycuamandiyu,-24.09,-57.08,67.01000000000008,99.0,87.0,3.04232,PY,08-18-2020
praya,14.92,-23.51,82.4,78.0,75.0,4.6977,CV,08-18-2020
meredith,43.66,-71.5,71.6,53.0,40.0,4.6977,US,08-18-2020
shingu,33.73,135.98,82.4,74.0,40.0,4.6977,JP,08-18-2020
haines junction,60.75,-137.51,62.20400000000005,50.0,41.0,2.72914,CA,08-18-2020
klaksvik,62.23,-6.59,50.0,81.0,100.0,2.237,FO,08-18-2020
cabo san lucas,22.89,-109.91,86.0,58.0,75.0,9.1717,MX,08-18-2020
matara,5.95,80.54,77.16200000000006,90.0,91.0,7.74002,LK,08-18-2020
mount gambier,-37.83,140.77,46.4,100.0,75.0,6.9347,AU,08-18-2020
mandurah,-32.55,115.7,48.992,100.0,90.0,5.8162,AU,08-18-2020
andenes,69.31,16.12,50.0,93.0,100.0,4.6977,NO,08-18-2020
waingapu,-9.66,120.26,77.09000000000003,64.0,38.0,4.31741,ID,08-18-2020
pevek,69.7,170.31,42.242,78.0,81.0,10.82708,RU,08-18-2020
bemidji,47.47,-94.88,78.80000000000001,54.0,1.0,6.9347,US,08-18-2020
bandarbeyla,9.49,50.81,77.41400000000004,76.0,86.0,29.215220000000002,SO,08-18-2020
morondava,-20.28,44.28,68.21600000000001,72.0,0.0,7.13603,MG,08-18-2020
abu samrah,35.3,37.18,69.63800000000005,77.0,0.0,11.27448,SY,08-18-2020
banda aceh,5.56,95.32,79.53800000000004,76.0,93.0,5.10036,ID,08-18-2020
kapaa,22.08,-159.32,86.0,62.0,20.0,13.8694,US,08-18-2020
bambous virieux,-20.34,57.76,71.6,73.0,20.0,14.987900000000002,MU,08-18-2020
ekhabi,53.51,142.97,55.274000000000015,95.0,100.0,16.44195,RU,08-18-2020
jalu,29.03,21.55,79.934,46.0,0.0,10.491530000000001,LY,08-18-2020
olafsvik,64.89,-23.71,51.63800000000005,82.0,67.0,12.728530000000001,IS,08-18-2020
basoko,1.24,23.62,74.53399999999999,80.0,100.0,2.05804,CD,08-18-2020
dingle,11.0,122.67,79.37600000000009,84.0,100.0,2.4607,PH,08-18-2020
aklavik,68.22,-135.01,62.6,55.0,20.0,10.2902,CA,08-18-2020
la asuncion,11.03,-63.86,81.71600000000001,82.0,91.0,12.012690000000001,VE,08-18-2020
tuatapere,-46.13,167.68,54.33800000000005,75.0,100.0,5.41354,NZ,08-19-2020
manggar,-2.88,108.27,81.77000000000007,78.0,99.0,14.540500000000002,ID,08-19-2020
reo,12.32,-2.47,74.75,86.0,84.0,4.183190000000001,BF,08-19-2020
huangpi,30.88,114.38,86.0,79.0,77.0,6.711,CN,08-19-2020
mitu,1.2,-70.17,76.334,79.0,13.0,0.85006,CO,08-18-2020
roald,62.58,6.13,64.99400000000009,93.0,7.0,4.6977,NO,08-19-2020
dorogino,54.36,83.32,53.18600000000007,93.0,53.0,8.16505,RU,08-19-2020
porto murtinho,-21.7,-57.88,75.50600000000003,75.0,93.0,5.077990000000001,BR,08-19-2020
prince rupert,54.32,-130.32,64.4,68.0,75.0,11.4087,CA,08-18-2020
tromso,69.65,18.96,50.0,87.0,90.0,16.1064,NO,08-19-2020
ponta do sol,32.67,-17.1,71.6,78.0,20.0,5.8162,PT,08-19-2020
lebu,-37.62,-73.65,46.16600000000001,74.0,42.0,12.99697,CL,08-19-2020
codrington,-38.27,141.97,51.29600000000005,85.0,100.0,11.833730000000001,AU,08-19-2020
honningsvag,70.98,25.97,50.0,81.0,75.0,6.9347,NO,08-18-2020
shieli,44.17,66.75,59.16200000000006,43.0,0.0,4.51874,KZ,08-19-2020
yinchuan,38.47,106.27,67.316,61.0,0.0,4.093710000000001,CN,08-19-2020
upernavik,72.79,-56.15,46.544000000000075,68.0,100.0,12.840380000000001,GL,08-19-2020
nikolskoye,59.7,30.79,51.998000000000026,76.0,15.0,4.474,RU,08-19-2020
koumac,-20.57,164.28,73.184,55.0,22.0,3.46735,NC,08-19-2020
carutapera,-1.2,-46.02,77.558,82.0,18.0,8.07557,BR,08-19-2020
salou,41.08,1.14,78.00800000000001,78.0,53.0,5.8162,ES,08-19-2020
victoria,22.29,114.16,80.6,78.0,90.0,27.515100000000004,HK,08-18-2020
luba,3.46,8.55,77.0,100.0,40.0,10.2902,GQ,08-19-2020
pisco,-13.7,-76.22,64.00400000000005,77.0,38.0,17.2249,PE,08-18-2020
lewiston,44.1,-70.21,71.6,73.0,75.0,5.8162,US,08-19-2020
suhbaatar,50.23,106.21,57.542,53.0,0.0,2.41596,MN,08-19-2020
esmeraldas,-19.76,-44.31,73.4,60.0,0.0,8.0532,BR,08-19-2020
chapais,49.78,-74.85,57.2,82.0,90.0,9.1717,CA,08-19-2020
yeniseysk,58.45,92.17,59.72000000000006,88.0,100.0,4.94377,RU,08-19-2020
port hedland,-20.32,118.57,64.4,39.0,8.0,6.9347,AU,08-19-2020
sept-iles,50.2,-66.38,60.8,100.0,90.0,4.6977,CA,08-18-2020
norman wells,65.28,-126.83,60.8,67.0,75.0,2.237,CA,08-19-2020
trapani,37.83,12.67,75.99199999999999,88.0,20.0,2.237,IT,08-19-2020
montrose,38.42,-108.27,93.00200000000008,13.0,19.0,1.99093,US,08-18-2020
sosnovo-ozerskoye,52.52,111.54,52.79000000000002,66.0,97.0,4.07134,RU,08-19-2020
riohacha,11.54,-72.91,81.30200000000008,82.0,71.0,10.08887,CO,08-19-2020
kaya,13.09,-1.08,77.39600000000004,73.0,100.0,4.093710000000001,BF,08-19-2020
saint cloud,45.56,-94.16,78.99800000000002,50.0,1.0,5.8162,US,08-18-2020
sao joao da barra,-21.64,-41.05,74.28200000000001,76.0,24.0,25.61365,BR,08-18-2020
ust-barguzin,53.45,108.98,57.34400000000008,62.0,50.0,5.74909,RU,08-19-2020
rio claro,-22.41,-47.56,69.99800000000002,77.0,60.0,4.6977,BR,08-18-2020
lampitak,6.43,125.05,73.058,88.0,98.0,2.66203,PH,08-19-2020
kudahuvadhoo,2.67,72.89,82.25600000000003,68.0,54.0,5.32406,MV,08-19-2020
beringovskiy,63.05,179.32,54.41000000000008,59.0,9.0,11.610030000000002,RU,08-19-2020
gorontalo,0.54,123.06,80.00600000000003,68.0,44.0,4.76481,ID,08-19-2020
bonavista,48.65,-53.11,55.99400000000007,81.0,100.0,19.99878,CA,08-19-2020
mortka,59.33,66.02,50.82800000000007,97.0,98.0,3.01995,RU,08-19-2020
waipawa,-41.41,175.52,57.2,71.0,100.0,10.2902,NZ,08-19-2020
fairbanks,64.84,-147.72,73.4,33.0,1.0,4.6977,US,08-18-2020
sorong,-0.88,131.25,79.142,84.0,96.0,7.1584,ID,08-19-2020
east london,-33.02,27.91,55.13000000000004,62.0,93.0,31.631180000000004,ZA,08-19-2020
road town,18.42,-64.62,84.00200000000008,81.0,34.0,15.01027,VG,08-18-2020
anshun,26.25,105.93,64.31000000000009,92.0,99.0,5.41354,CN,08-19-2020
san jose,37.34,-121.89,100.00400000000006,26.0,75.0,13.8694,US,08-18-2020
mildura,-34.2,142.15,53.99600000000005,66.0,75.0,17.2249,AU,08-19-2020
mata,40.68,-7.46,60.998000000000026,82.0,0.0,3.26602,PT,08-19-2020
arlit,18.74,7.39,94.11800000000008,27.0,70.0,2.88573,NE,08-19-2020
manhattan,40.78,-73.97,82.4,39.0,75.0,4.6977,US,08-18-2020
porto walter,-8.27,-72.74,84.21800000000009,53.0,39.0,2.97521,BR,08-19-2020
ulladulla,-35.35,150.47,62.00600000000003,54.0,20.0,5.8162,AU,08-19-2020
kinna,57.51,12.69,64.99400000000009,93.0,99.0,5.8162,SE,08-19-2020
ancud,-41.87,-73.82,41.0,86.0,34.0,6.9347,CL,08-19-2020
talnakh,69.49,88.4,57.2,58.0,2.0,6.711,RU,08-19-2020
taltal,-25.4,-70.48,52.71800000000009,73.0,2.0,5.68198,CL,08-19-2020
saint-pierre,-21.34,55.48,64.4,77.0,40.0,6.9347,RE,08-19-2020
port lincoln,-34.73,135.87,55.70600000000003,66.0,63.0,24.98729,AU,08-19-2020
san quintin,30.48,-115.95,81.10400000000006,62.0,3.0,9.462510000000002,MX,08-19-2020
marrakesh,31.63,-8.01,78.80000000000001,54.0,0.0,6.9347,MA,08-18-2020
rio gallegos,-51.62,-69.22,32.0,92.0,40.0,11.4087,AR,08-18-2020
vostok,46.49,135.88,57.83000000000004,100.0,95.0,2.57255,RU,08-19-2020
lubumbashi,-11.66,27.48,58.424000000000014,37.0,2.0,1.29746,CD,08-19-2020
havelock,34.88,-76.9,82.00400000000005,82.0,100.0,1.00665,US,08-19-2020
opuwo,-18.06,13.84,54.37400000000001,31.0,0.0,7.359730000000001,NA,08-19-2020
alofi,-19.06,-169.92,75.2,94.0,75.0,14.987900000000002,NU,08-19-2020
nuuk,64.18,-51.72,64.4,48.0,0.0,5.8162,GL,08-19-2020
kidal,18.44,1.41,95.07200000000003,20.0,3.0,11.4087,ML,08-19-2020
palasa,18.77,84.42,80.06000000000009,78.0,100.0,6.08464,IN,08-19-2020
camacha,33.08,-16.33,69.80000000000001,83.0,20.0,5.8162,PT,08-19-2020
king city,36.21,-121.13,105.00800000000001,20.0,43.0,4.004230000000001,US,08-19-2020
wukari,7.85,9.78,74.84000000000003,93.0,100.0,4.22793,NG,08-19-2020
esperance,-33.87,121.9,48.2,100.0,75.0,12.750900000000001,AU,08-19-2020
souillac,-20.52,57.52,71.6,73.0,20.0,14.987900000000002,MU,08-19-2020
san cristobal,7.77,-72.22,80.6,78.0,40.0,10.2902,VE,08-19-2020
bonfim,3.08,-59.95,79.19600000000005,81.0,97.0,4.89903,BR,08-19-2020
udachnyy,66.42,112.4,48.2,100.0,90.0,6.711,RU,08-19-2020
mahebourg,-20.41,57.7,71.6,73.0,20.0,14.987900000000002,MU,08-19-2020
bilibino,68.05,166.44,49.1,59.0,99.0,5.301690000000001,RU,08-18-2020
la libertad,-2.23,-80.9,69.80000000000001,83.0,40.0,9.1717,EC,08-19-2020
luderitz,-26.65,15.16,54.986000000000075,50.0,0.0,19.6856,NA,08-19-2020
ostrovnoy,68.05,39.51,44.27600000000009,78.0,0.0,7.42684,RU,08-19-2020
salinopolis,-0.61,-47.36,79.934,80.0,27.0,13.802290000000001,BR,08-19-2020
longyearbyen,78.22,15.64,42.8,75.0,75.0,17.2249,SJ,08-19-2020
abha,18.22,42.51,73.4,64.0,71.0,3.3555,SA,08-19-2020
kandla,23.03,70.22,82.31000000000009,83.0,92.0,10.871820000000001,IN,08-19-2020
zhaodong,46.08,125.98,68.0,93.0,90.0,13.422,CN,08-19-2020
bac lieu,9.29,105.72,80.6,82.0,100.0,7.628170000000001,VN,08-19-2020
qaanaaq,77.48,-69.36,44.34800000000003,83.0,100.0,8.16505,GL,08-19-2020
plouzane,48.38,-4.62,66.2,100.0,90.0,14.987900000000002,FR,08-19-2020
great bend,38.36,-98.76,87.80000000000001,33.0,1.0,10.2902,US,08-19-2020
penha,-26.77,-48.65,64.4,93.0,75.0,2.237,BR,08-19-2020
fort nelson,58.81,-122.7,60.8,87.0,90.0,3.3555,CA,08-19-2020
zyryanka,65.75,150.85,58.946000000000055,49.0,66.0,5.23458,RU,08-18-2020
port augusta,-32.5,137.77,53.6,76.0,75.0,14.987900000000002,AU,08-19-2020
zeya,53.75,127.27,58.694000000000074,47.0,0.0,9.79806,RU,08-19-2020
saldanha,-33.01,17.94,42.8,81.0,68.0,2.237,ZA,08-18-2020
kaeo,-35.1,173.78,62.00600000000003,58.0,59.0,5.010880000000001,NZ,08-19-2020
cap malheureux,-19.98,57.61,71.00600000000003,68.0,7.0,5.99516,MU,08-18-2020
nanortalik,60.14,-45.24,48.75800000000001,65.0,0.0,6.599150000000001,GL,08-19-2020
aboso,5.36,-1.95,70.37600000000009,97.0,19.0,2.63966,GH,08-19-2020
sisimiut,66.94,-53.67,52.91600000000001,63.0,49.0,2.75151,GL,08-19-2020
gondanglegi,-7.75,112.01,75.90200000000007,74.0,57.0,12.99697,ID,08-19-2020
muros,42.78,-9.06,68.0,92.0,100.0,15.01027,ES,08-19-2020
nioro,13.35,-15.75,78.76400000000004,87.0,98.0,7.538690000000001,GM,08-19-2020
oussouye,12.48,-16.55,82.4,48.0,40.0,4.6977,SN,08-19-2020
oranjemund,-28.55,16.43,53.096000000000046,62.0,86.0,18.36577,NA,08-18-2020
sagua la grande,22.81,-80.08,84.2,74.0,75.0,6.9347,CU,08-19-2020
djibo,14.1,-1.63,81.53600000000007,65.0,82.0,6.9347,BF,08-19-2020
hami,42.8,93.45,80.58200000000002,16.0,20.0,6.375450000000001,CN,08-18-2020
makakilo city,21.35,-158.09,87.80000000000001,62.0,90.0,10.2902,US,08-18-2020
omsukchan,62.53,155.8,49.87400000000001,69.0,100.0,6.420190000000001,RU,08-18-2020
deniliquin,-35.53,144.97,50.0,82.0,100.0,2.99758,AU,08-18-2020
tuktoyaktuk,69.45,-133.04,62.6,55.0,20.0,11.4087,CA,08-19-2020
pendleton,45.67,-118.79,100.00400000000006,16.0,1.0,5.8162,US,08-19-2020
pangnirtung,66.15,-65.71,62.79800000000003,50.0,100.0,6.285970000000001,CA,08-19-2020
nhamunda,-2.19,-56.71,82.99400000000009,53.0,46.0,2.81862,BR,08-19-2020
visby,57.64,18.3,59.0,100.0,0.0,4.6977,SE,08-19-2020
tshikapa,-6.42,20.8,77.12600000000009,46.0,2.0,1.67775,CD,08-19-2020
flin flon,54.77,-101.86,80.6,51.0,40.0,4.6977,CA,08-19-2020
fort wellington,6.4,-57.6,79.77200000000005,84.0,79.0,8.43349,GY,08-19-2020
yomou,7.56,-9.27,69.65600000000003,99.0,42.0,4.51874,GN,08-19-2020
davila,18.47,120.58,80.6,88.0,20.0,3.3555,PH,08-19-2020
deputatskiy,69.3,139.9,38.858000000000004,97.0,100.0,4.89903,RU,08-18-2020
namatanai,-3.67,152.43,83.10200000000009,70.0,10.0,8.70193,PG,08-18-2020
poum,-20.23,164.02,69.94400000000007,66.0,11.0,5.18984,NC,08-19-2020
mankera,31.39,71.44,100.34600000000005,38.0,9.0,13.77992,PK,08-19-2020
lompoc,34.64,-120.46,82.4,54.0,1.0,14.987900000000002,US,08-19-2020
colares,38.8,-9.45,69.99800000000002,94.0,1.0,5.99516,PT,08-19-2020
te anau,-45.42,167.72,51.908,78.0,96.0,2.88573,NZ,08-18-2020
beira,-19.84,34.84,69.80000000000001,100.0,20.0,11.4087,MZ,08-19-2020
sibolga,1.74,98.78,77.52200000000005,77.0,98.0,3.3555,ID,08-19-2020
asau,46.43,26.4,62.00600000000003,84.0,10.0,4.40689,RO,08-18-2020
marienburg,54.04,19.03,62.00600000000003,100.0,41.0,4.42926,PL,08-19-2020
lebowakgomo,-24.2,29.5,51.8,46.0,0.0,18.3434,ZA,08-19-2020
lagoa,39.05,-27.98,71.09600000000006,86.0,47.0,24.003010000000003,PT,08-19-2020
redding,40.59,-122.39,109.00400000000006,17.0,1.0,4.6977,US,08-18-2020
thinadhoo,0.53,72.93,83.91200000000006,70.0,15.0,7.22551,MV,08-19-2020
zhangye,38.93,100.45,70.7,30.0,2.0,5.95042,CN,08-19-2020
batalha,-9.68,-37.12,67.85600000000002,94.0,60.0,7.1584,BR,08-19-2020
chokurdakh,70.63,147.92,38.60600000000003,87.0,90.0,9.70858,RU,08-19-2020
grand forks,47.93,-97.03,86.0,45.0,20.0,14.987900000000002,US,08-18-2020
grenville,12.12,-61.62,82.4,83.0,75.0,6.9347,GD,08-19-2020
marawi,8.0,124.29,75.00200000000008,91.0,94.0,5.99516,PH,08-19-2020
luis correia,-2.88,-41.67,78.94400000000007,71.0,15.0,16.64328,BR,08-19-2020
cubara,7.0,-72.11,74.84000000000003,84.0,100.0,0.53688,CO,08-19-2020
ixtapa,20.7,-105.2,82.4,83.0,90.0,1.5659,MX,08-19-2020
marsh harbour,26.54,-77.06,85.22600000000008,67.0,41.0,6.01753,BS,08-19-2020
vila,42.03,-8.16,62.00600000000003,89.0,72.0,11.00604,PT,08-19-2020
ambulu,-8.35,113.61,75.16400000000004,80.0,12.0,2.08041,ID,08-19-2020
saint-georges,12.06,-61.75,82.4,83.0,75.0,6.9347,GD,08-19-2020
vagay,57.94,69.02,47.66000000000008,97.0,15.0,3.55683,RU,08-19-2020
pochutla,15.74,-96.47,86.0,58.0,75.0,5.8162,MX,08-19-2020
half moon bay,37.46,-122.43,89.6,68.0,1.0,10.53627,US,08-19-2020
subiaco,41.93,13.09,69.99800000000002,77.0,60.0,1.52116,IT,08-19-2020
badarganj,25.67,89.05,79.01600000000002,89.0,3.0,8.67956,BD,08-19-2020
erzin,36.96,36.2,80.00600000000003,85.0,0.0,0.51451,TR,08-19-2020
poronaysk,49.22,143.12,70.39400000000008,78.0,61.0,7.247880000000001,RU,08-19-2020
sterling,39.01,-77.43,82.99400000000009,57.0,1.0,3.53446,US,08-19-2020
presidente franco,-25.53,-54.62,69.80000000000001,94.0,90.0,9.1717,PY,08-19-2020
yar-sale,66.83,70.83,55.20200000000008,81.0,95.0,13.399630000000002,RU,08-19-2020
winnemucca,40.97,-117.74,100.4,15.0,1.0,6.88996,US,08-19-2020
beatrice,40.27,-96.75,80.00600000000003,61.0,1.0,4.65296,US,08-19-2020
faya,18.39,42.45,73.4,64.0,67.0,3.3555,SA,08-19-2020
tieling,42.29,123.84,65.78600000000007,95.0,100.0,6.21886,CN,08-19-2020
san mateo del mar,16.2,-95.0,85.98200000000003,67.0,54.0,24.47278,MX,08-19-2020
astana,51.18,71.45,53.6,87.0,40.0,11.185,KZ,08-19-2020
san giuseppe jato,37.97,13.19,78.99800000000002,69.0,14.0,4.6977,IT,08-19-2020
krasnyy bor,59.68,30.67,51.998000000000026,76.0,20.0,4.474,RU,08-19-2020
maragogi,-9.01,-35.22,73.94000000000003,79.0,79.0,11.6324,BR,08-19-2020
brewster,41.4,-73.62,78.99800000000002,41.0,1.0,6.9347,US,08-19-2020
port hueneme,34.15,-119.2,91.99400000000009,65.0,1.0,11.4087,US,08-19-2020
nemuro,43.32,145.57,69.80000000000001,88.0,75.0,11.4087,JP,08-19-2020
pades,45.02,22.85,68.558,61.0,100.0,1.90145,RO,08-19-2020
sinnai,39.3,9.2,78.00800000000001,83.0,54.0,6.9347,IT,08-19-2020
miri,4.41,114.01,77.0,94.0,40.0,4.6977,MY,08-19-2020
sola,-13.88,167.55,79.07000000000006,87.0,73.0,11.45344,VU,08-19-2020
casablanca,33.59,-7.62,73.00400000000005,100.0,75.0,3.3555,MA,08-18-2020
vrangel,42.73,133.08,74.89400000000008,83.0,0.0,5.88331,RU,08-19-2020
birjand,32.87,59.22,69.80000000000001,26.0,0.0,11.4087,IR,08-19-2020
urusha,54.05,122.9,58.04600000000005,48.0,0.0,7.96372,RU,08-19-2020
ahipara,-35.17,173.17,59.648000000000025,85.0,73.0,10.67049,NZ,08-19-2020
zaozerne,45.16,33.28,70.75400000000005,67.0,0.0,4.38452,UA,08-19-2020
mae hong son,19.3,97.97,71.47400000000002,88.0,100.0,1.29746,TH,08-18-2020
ransang,8.96,117.58,77.32400000000001,90.0,100.0,12.639050000000001,PH,08-19-2020
karabash,55.48,60.22,45.44600000000005,84.0,100.0,17.336750000000002,RU,08-19-2020
yorosso,12.35,-4.78,75.16400000000004,90.0,30.0,3.33313,ML,08-19-2020
faanui,-16.48,-151.75,77.95400000000006,78.0,1.0,19.97641,PF,08-19-2020
wuchi,29.38,103.02,56.06600000000001,92.0,100.0,2.75151,CN,08-19-2020
san jeronimo,-11.95,-75.28,56.39000000000002,56.0,61.0,4.474,PE,08-19-2020
nieves,15.33,120.95,81.08600000000007,82.0,74.0,1.8119700000000003,PH,08-19-2020
boo,59.33,18.28,64.99400000000009,93.0,81.0,3.3555,SE,08-19-2020
srandakan,-7.94,110.25,76.80200000000008,78.0,91.0,7.94135,ID,08-19-2020
berdigestyakh,62.1,126.7,60.26000000000008,56.0,76.0,6.62152,RU,08-19-2020
callaway,30.15,-85.57,89.00600000000003,70.0,1.0,13.8694,US,08-19-2020
arlington,32.74,-97.11,95.0,20.0,5.0,16.1064,US,08-18-2020
dongzhen,22.38,110.94,79.98800000000006,81.0,93.0,5.167470000000001,CN,08-19-2020
evensk,61.95,159.23,49.24400000000007,90.0,100.0,6.241230000000001,RU,08-18-2020
nouadhibou,20.93,-17.03,71.6,83.0,0.0,19.4619,MR,08-19-2020
buala,-8.14,159.59,85.4600000000001,68.0,90.0,4.89903,SB,08-19-2020
turka,49.15,23.03,59.0,97.0,59.0,14.00362,UA,08-19-2020
adre,13.47,22.2,74.53399999999999,79.0,100.0,4.51874,TD,08-19-2020
yeppoon,-23.13,150.73,75.2,60.0,20.0,14.987900000000002,AU,08-19-2020
tatawin,32.93,10.45,87.80000000000001,48.0,0.0,4.49637,TN,08-19-2020
chicama,-7.84,-79.15,60.314000000000036,83.0,37.0,7.13603,PE,08-19-2020
kahului,20.89,-156.47,89.6,49.0,40.0,25.278100000000002,US,08-18-2020
pizhma,57.86,47.12,41.66600000000001,93.0,7.0,6.44256,RU,08-19-2020
karachi,24.91,67.08,86.0,79.0,75.0,9.1717,PK,08-18-2020
serebryansk,49.69,83.29,55.400000000000006,87.0,40.0,2.237,KZ,08-19-2020
san antero,9.37,-75.76,84.2,83.0,75.0,5.8162,CO,08-19-2020
cascais,38.7,-9.42,69.99800000000002,94.0,0.0,5.99516,PT,08-19-2020
beysehir,37.68,31.72,63.35600000000003,38.0,0.0,3.04232,TR,08-19-2020
zonguldak,41.25,31.83,59.21600000000001,77.0,0.0,3.84764,TR,08-19-2020
forestville,38.85,-76.88,84.2,61.0,1.0,3.0870599999999997,US,08-19-2020
mogadishu,2.04,45.34,76.28000000000004,86.0,89.0,13.712810000000001,SO,08-19-2020
mitsamiouli,-11.38,43.28,76.15400000000005,76.0,23.0,5.92805,KM,08-19-2020
khanpur,28.65,70.66,92.33600000000007,58.0,19.0,14.0931,PK,08-19-2020
bud,39.45,-86.18,73.99400000000009,60.0,1.0,8.0532,US,08-19-2020
dudinka,69.41,86.18,57.2,58.0,29.0,6.711,RU,08-19-2020
suez,29.97,32.53,73.16600000000001,80.0,0.0,7.538690000000001,EG,08-19-2020
furtwangen,48.05,8.2,57.00200000000008,77.0,20.0,2.57255,DE,08-19-2020
palmer,42.16,-72.33,78.80000000000001,41.0,20.0,8.0532,US,08-19-2020
vallenar,-28.57,-70.76,53.40200000000008,66.0,0.0,1.83434,CL,08-19-2020
camargo,27.67,-105.17,84.84800000000003,28.0,100.0,13.24304,MX,08-19-2020
celestun,20.87,-90.4,84.07400000000001,71.0,1.0,10.021760000000002,MX,08-19-2020
asuncion ixtaltepec,16.5,-95.05,84.93800000000005,62.0,67.0,14.74183,MX,08-19-2020
mao,39.89,4.27,75.2,83.0,100.0,1.1185,ES,08-19-2020
rio tinto,41.18,-8.56,68.0,94.0,75.0,12.750900000000001,PT,08-19-2020
bayanday,53.07,105.51,60.42200000000004,56.0,43.0,9.104590000000002,RU,08-18-2020
kadoma,34.73,135.58,87.00800000000001,70.0,40.0,5.8162,JP,08-19-2020
maniitsoq,65.42,-52.9,53.74400000000007,62.0,0.0,2.03567,GL,08-19-2020
montepuez,-13.13,39.0,62.690000000000026,97.0,24.0,3.75816,MZ,08-19-2020
daru,-9.08,143.21,78.36800000000008,64.0,0.0,9.82043,PG,08-19-2020
tolaga bay,-38.37,178.3,56.48000000000005,85.0,100.0,20.20011,NZ,08-19-2020
hit,33.64,42.83,83.642,18.0,0.0,13.24304,IQ,08-19-2020
gewane,10.17,40.65,74.04800000000003,77.0,85.0,14.45102,ET,08-19-2020
los llanos de aridane,28.66,-17.92,71.6,83.0,0.0,10.2902,ES,08-18-2020
am timan,11.03,20.28,73.00400000000005,90.0,100.0,2.93047,TD,08-19-2020
talaya,61.38,152.75,47.84000000000002,79.0,100.0,2.21463,RU,08-19-2020
grand gaube,-20.01,57.66,71.00600000000003,69.0,9.0,8.008460000000001,MU,08-19-2020
oum hadjer,13.3,19.7,78.62000000000006,78.0,95.0,6.39782,TD,08-19-2020
urumqi,43.8,87.6,69.80000000000001,60.0,100.0,2.237,CN,08-18-2020
rudnogorsk,57.26,103.75,55.41800000000009,64.0,99.0,3.1318,RU,08-19-2020
zahnitkiv,48.04,28.9,63.06800000000008,52.0,0.0,5.525390000000001,UA,08-19-2020
okhotsk,59.38,143.3,54.518000000000086,84.0,100.0,11.99032,RU,08-19-2020
skjervoy,70.03,20.97,52.97000000000006,78.0,96.0,5.50302,NO,08-19-2020
hasaki,35.73,140.83,84.99199999999999,78.0,75.0,3.3555,JP,08-19-2020
lufilufi,-13.87,-171.6,89.6,75.0,40.0,21.922600000000003,WS,08-19-2020
athabasca,54.72,-113.29,83.62400000000002,58.0,2.0,6.241230000000001,CA,08-19-2020
nelson bay,-32.72,152.15,64.99400000000009,55.0,0.0,23.041100000000004,AU,08-19-2020
mabaruma,8.2,-59.78,77.88200000000002,88.0,95.0,4.60822,GY,08-19-2020
la ronge,55.1,-105.28,78.80000000000001,61.0,20.0,9.1717,CA,08-19-2020
chekhov,55.14,37.47,51.8,87.0,55.0,2.5278099999999997,RU,08-19-2020
balabac,7.99,117.06,78.54800000000003,86.0,100.0,13.26541,PH,08-19-2020
black river,18.03,-77.85,80.6,83.0,40.0,5.8162,JM,08-19-2020
maceio,-9.67,-35.74,69.80000000000001,94.0,88.0,5.8162,BR,08-18-2020
salo,45.61,10.53,71.6,83.0,15.0,5.8162,IT,08-19-2020
smirnykh,49.75,142.83,66.21800000000009,88.0,90.0,3.24365,RU,08-19-2020
ondjiva,-17.07,15.73,54.17600000000009,35.0,0.0,7.09129,AO,08-19-2020
necochea,-38.55,-58.74,37.99400000000007,82.0,50.0,5.010880000000001,AR,08-19-2020
romodanovo,54.43,45.33,55.11200000000006,72.0,68.0,4.004230000000001,RU,08-19-2020
lucapa,-8.42,20.74,71.56400000000004,29.0,26.0,0.40266,AO,08-19-2020
mirpur mathelo,28.02,69.55,90.44600000000005,58.0,29.0,12.281130000000001,PK,08-19-2020
stornoway,58.21,-6.39,55.99400000000007,93.0,5.0,1.1185,GB,08-18-2020
byron bay,-28.65,153.62,71.99600000000005,46.0,44.0,9.1717,AU,08-18-2020
nogliki,51.83,143.17,60.63800000000005,83.0,98.0,15.48004,RU,08-19-2020
catamarca,-28.47,-65.79,41.0,25.0,0.0,2.99758,AR,08-19-2020
siedlce,52.17,22.29,60.00800000000001,84.0,100.0,4.74244,PL,08-19-2020
buritizeiro,-17.35,-44.96,74.12000000000006,48.0,0.0,6.711,BR,08-19-2020
hamilton,39.18,-84.53,69.99800000000002,83.0,20.0,6.9347,US,08-18-2020
araouane,18.9,-3.53,92.58800000000005,31.0,76.0,9.50725,ML,08-19-2020
orebro,59.27,15.21,60.8,82.0,43.0,2.237,SE,08-18-2020
bathsheba,13.22,-59.52,82.4,78.0,40.0,14.987900000000002,BB,08-18-2020
arman,59.7,150.17,50.99000000000002,89.0,100.0,8.970369999999999,RU,08-19-2020
kinkala,-4.36,14.76,72.82400000000001,72.0,64.0,5.23458,CG,08-19-2020
olinda,-8.01,-34.86,78.80000000000001,65.0,40.0,10.2902,BR,08-19-2020
flinders,-34.58,150.86,62.00600000000003,66.0,0.0,7.00181,AU,08-19-2020
alta floresta,-9.88,-56.09,82.16600000000001,26.0,7.0,0.80532,BR,08-18-2020
meulaboh,4.14,96.13,77.73800000000006,82.0,100.0,3.55683,ID,08-18-2020
ararat,39.83,44.7,69.80000000000001,49.0,0.0,8.0532,AM,08-19-2020
virginia beach,36.85,-75.98,80.99600000000005,74.0,75.0,6.9347,US,08-19-2020
fourmies,50.02,4.05,59.0,88.0,2.0,5.77146,FR,08-19-2020
katherine,-14.47,132.27,78.80000000000001,65.0,4.0,8.0532,AU,08-19-2020
kihei,20.79,-156.47,89.6,49.0,40.0,25.278100000000002,US,08-18-2020
manuk mangkaw,4.8,119.85,83.858,67.0,89.0,2.237,PH,08-19-2020
kavieng,-2.57,150.8,83.94800000000004,71.0,2.0,7.91898,PG,08-19-2020
montivilliers,49.55,0.19,66.2,93.0,59.0,4.6977,FR,08-19-2020
srivardhan,18.03,73.02,79.43000000000004,87.0,100.0,12.32587,IN,08-19-2020
micheweni,-4.97,39.83,74.37200000000004,84.0,64.0,8.59008,TZ,08-19-2020
tarko-sale,64.92,77.78,55.99400000000007,92.0,82.0,14.697090000000001,RU,08-19-2020
longkou,37.65,120.33,82.36400000000003,84.0,58.0,9.86517,CN,08-19-2020
clyde river,70.47,-68.59,51.8,81.0,75.0,6.9347,CA,08-19-2020
ngoro,-7.68,112.26,76.17200000000004,73.0,70.0,4.38452,ID,08-19-2020
jangaon,17.72,79.18,75.74000000000002,86.0,100.0,13.55622,IN,08-19-2020
gat,31.61,34.76,77.0,92.0,0.0,4.004230000000001,IL,08-19-2020
anloga,5.79,0.9,75.2,94.0,20.0,6.9347,GH,08-19-2020
carballo,43.21,-8.69,71.00600000000003,77.0,99.0,19.4619,ES,08-18-2020
itaituba,-4.28,-55.98,84.50600000000003,42.0,49.0,1.90145,BR,08-19-2020
bangkalan,-7.05,112.74,78.11600000000001,74.0,53.0,5.90568,ID,08-19-2020
salalah,17.02,54.09,77.0,100.0,90.0,2.237,OM,08-19-2020
santa isabel do rio negro,-0.41,-65.02,80.42000000000007,70.0,90.0,3.24365,BR,08-19-2020
isiro,2.77,27.62,66.50600000000003,98.0,97.0,1.49879,CD,08-19-2020
zhangjiakou,40.81,114.88,66.11000000000008,67.0,100.0,0.78295,CN,08-19-2020
qasigiannguit,68.82,-51.19,50.0,53.0,88.0,3.53446,GL,08-19-2020
manavalakurichi,8.13,77.3,80.6,83.0,20.0,8.0532,IN,08-19-2020
egvekinot,66.32,-179.17,52.141999999999996,62.0,6.0,4.76481,RU,08-19-2020
sedro-woolley,48.5,-122.24,78.80000000000001,50.0,75.0,8.0532,US,08-19-2020
binon-an,11.39,123.14,81.01400000000004,82.0,99.0,10.17835,PH,08-19-2020
nadym,65.53,72.52,54.104000000000056,89.0,49.0,12.05743,RU,08-19-2020
severnyy,50.68,36.55,66.2,68.0,23.0,2.237,RU,08-19-2020
chalmette,29.94,-89.96,93.2,49.0,90.0,3.3555,US,08-19-2020
ambilobe,-13.2,49.05,65.49800000000002,69.0,28.0,5.033250000000001,MG,08-19-2020
imeni poliny osipenko,52.42,136.49,57.75800000000001,79.0,60.0,6.06227,RU,08-19-2020
srednekolymsk,67.45,153.68,54.5,48.0,74.0,2.86336,RU,08-19-2020
naze,28.37,129.48,86.0,89.0,20.0,6.9347,JP,08-19-2020
the valley,18.22,-63.06,84.2,74.0,20.0,12.750900000000001,AI,08-19-2020
saint-augustin,51.23,-58.65,58.658,89.0,99.0,18.16444,CA,08-19-2020
joshimath,30.57,79.57,68.792,56.0,89.0,0.40266,IN,08-19-2020
petropavlovsk-kamchatskiy,53.05,158.65,57.2,82.0,75.0,13.422,RU,08-19-2020
santiago del estero,-27.8,-64.26,63.842,36.0,0.0,4.98851,AR,08-19-2020
dapaong,10.86,0.2,74.66000000000008,93.0,98.0,6.39782,TG,08-19-2020
yaan,7.38,8.57,73.81400000000004,96.0,100.0,6.464930000000001,NG,08-18-2020
gao,16.64,1.64,93.34400000000008,35.0,3.0,15.41293,ML,08-19-2020
launceston,-41.45,147.17,48.2,87.0,77.0,9.1717,AU,08-18-2020
santa vitoria do palmar,-33.52,-53.37,52.66400000000003,93.0,0.0,3.91475,BR,08-19-2020
montanha,-18.13,-40.36,69.31400000000004,90.0,43.0,8.7243,BR,08-19-2020
wanning,18.8,110.4,81.392,81.0,100.0,4.20556,CN,08-19-2020
taoudenni,22.68,-3.98,100.292,29.0,2.0,13.108820000000001,ML,08-19-2020
port macquarie,-31.43,152.92,66.99199999999999,66.0,0.0,8.097940000000001,AU,08-19-2020
vermilion,40.17,-87.75,75.2,53.0,1.0,9.1717,US,08-19-2020
campbell river,50.02,-125.24,73.4,56.0,75.0,8.0532,CA,08-18-2020
kamenskiy,50.89,45.49,55.58000000000004,58.0,4.0,1.36457,RU,08-19-2020
port hardy,50.7,-127.42,66.2,72.0,75.0,8.0532,CA,08-18-2020
yatou,37.15,122.38,80.72600000000008,91.0,63.0,10.17835,CN,08-19-2020
miles city,46.41,-105.84,93.2,15.0,1.0,11.4087,US,08-19-2020
cap-aux-meules,47.38,-61.86,60.8,87.0,75.0,10.2902,CA,08-18-2020
cockburn town,21.46,-71.14,83.67800000000007,80.0,2.0,18.70132,TC,08-19-2020
ishigaki,24.34,124.16,84.2,89.0,75.0,5.8162,JP,08-19-2020
nyrob,60.73,56.72,47.80400000000005,97.0,100.0,3.44498,RU,08-19-2020
troitsko-pechorsk,62.71,56.2,50.792,97.0,99.0,5.8162,RU,08-19-2020
kenai,60.55,-151.26,62.6,59.0,75.0,11.4087,US,08-19-2020
ponta delgada,37.73,-25.67,75.2,94.0,75.0,24.1596,PT,08-19-2020
rabo de peixe,37.8,-25.58,75.2,94.0,75.0,24.1596,PT,08-19-2020
niono,14.25,-5.99,78.60200000000009,76.0,49.0,6.21886,ML,08-19-2020
north platte,41.12,-100.77,93.2,34.0,1.0,9.1717,US,08-19-2020
ternate,0.8,127.4,80.99600000000005,75.0,100.0,9.55199,ID,08-19-2020
halifax,44.65,-63.57,73.99400000000009,75.0,21.0,8.0532,CA,08-18-2020
muleba,-1.84,31.65,69.80000000000001,88.0,40.0,2.97521,TZ,08-19-2020
coquimbo,-29.95,-71.34,51.8,71.0,75.0,6.9347,CL,08-18-2020
calbuco,-41.77,-73.13,41.0,86.0,75.0,3.3555,CL,08-19-2020
puerto escondido,15.85,-97.07,82.4,65.0,75.0,4.6977,MX,08-18-2020
blois,47.58,1.33,62.99600000000005,100.0,61.0,2.237,FR,08-19-2020
rawson,-43.3,-65.1,39.43399999999999,71.0,85.0,24.09249,AR,08-19-2020
teya,60.38,92.63,57.272000000000034,64.0,100.0,3.5792,RU,08-19-2020
shenjiamen,29.96,122.3,82.184,85.0,0.0,12.14691,CN,08-19-2020
vao,-22.67,167.48,68.558,59.0,34.0,6.80048,NC,08-19-2020
dingzhou,38.51,115.0,69.80000000000001,94.0,100.0,2.237,CN,08-19-2020
dwarka,22.24,68.97,82.4,85.0,100.0,13.578590000000002,IN,08-19-2020
juneau,58.3,-134.42,57.2,87.0,90.0,5.8162,US,08-18-2020
amapa,1.0,-52.0,76.24400000000009,80.0,79.0,4.94377,BR,08-19-2020
tongliao,43.61,122.27,64.70600000000003,82.0,93.0,11.58766,CN,08-18-2020
dakar,14.69,-17.44,84.2,83.0,40.0,6.9347,SN,08-18-2020
tilichiki,60.47,166.1,56.75,47.0,100.0,7.717650000000001,RU,08-19-2020
teguise,29.06,-13.56,73.4,78.0,20.0,23.041100000000004,ES,08-19-2020
zhanaozen,43.3,52.8,67.13600000000008,61.0,0.0,6.39782,KZ,08-19-2020
norsup,-16.07,167.38,78.80000000000001,74.0,75.0,5.8162,VU,08-19-2020
port blair,11.67,92.75,82.27400000000002,78.0,100.0,14.428650000000001,IN,08-19-2020
beawar,26.1,74.32,77.66600000000001,88.0,69.0,13.51148,IN,08-19-2020
medea,36.26,2.75,73.4,83.0,47.0,2.237,DZ,08-19-2020
novokayakent,42.39,47.99,64.4,72.0,0.0,6.711,RU,08-19-2020
loa janan,-0.58,117.09,75.23600000000008,93.0,97.0,3.91475,ID,08-19-2020
baruun-urt,46.68,113.28,53.87000000000006,66.0,19.0,8.38875,MN,08-18-2020
agadez,19.75,10.25,89.708,12.0,0.0,14.160210000000001,NE,08-19-2020
abu dhabi,24.47,54.37,93.2,67.0,14.0,3.3555,AE,08-19-2020
tupik,54.43,119.93,55.25600000000003,61.0,0.0,2.16989,RU,08-19-2020
kalmunai,7.42,81.82,77.9,83.0,92.0,4.42926,LK,08-19-2020
shiraz,29.6,52.54,80.6,26.0,9.0,2.32648,IR,08-19-2020
derzhavinsk,51.1,66.32,55.67000000000006,80.0,84.0,9.03748,KZ,08-19-2020
iqaluit,63.75,-68.51,42.8,87.0,75.0,21.922600000000003,CA,08-19-2020
margate,51.38,1.39,66.99199999999999,65.0,0.0,1.00665,GB,08-19-2020
oriximina,-1.77,-55.87,87.584,43.0,80.0,2.30411,BR,08-19-2020
diffa,13.32,12.61,82.47200000000004,58.0,46.0,9.55199,NE,08-19-2020
karpathos,35.51,27.21,75.2,69.0,0.0,29.975800000000003,GR,08-19-2020
itarema,-2.92,-39.92,78.13399999999999,74.0,44.0,17.873630000000002,BR,08-19-2020
saint-francois,46.42,3.91,66.00200000000008,77.0,12.0,2.12515,FR,08-18-2020
mercedes,-34.65,-59.43,53.99600000000005,55.0,13.0,9.015110000000002,AR,08-19-2020
vila franca do campo,37.72,-25.43,75.2,94.0,75.0,24.1596,PT,08-19-2020
hede,33.77,120.25,81.37400000000002,87.0,0.0,7.56106,CN,08-19-2020
sidi ali,36.1,0.42,72.15800000000002,61.0,37.0,1.58827,DZ,08-19-2020
